chr	pos	snarl	paths	type
1	100	>2>4>5	>2>4>5,>2>3>5	C,G
1	200	>6>8>9	>6>8>9,>6>7>9	C,T
1	300	>10>12>13	>10>12>13,>10>11>13	T,G
1	400	>14>16>17	>14>16>17,>14>15>17	T,G
1	500	>18>20>21	>18>20>21,>18>19>21	A,G
1	600	>22>24>25	>22>24>25,>22>23>25	T,C
1	700	>26>28>29	>26>28>29,>26>27>29	T,G
1	800	>30>32>33	>30>32>33,>30>31>33	G,A
1	900	>34>36>37	>34>36>37,>34>35>37	A,C
1	1000	>38>40>41	>38>40>41,>38>39>41	C,A
1	1100	>42>44>45	>42>44>45,>42>43>45	C,G
1	1200	>46>48>49	>46>48>49,>46>47>49	A,G
1	1300	>50>52>53	>50>52>53,>50>51>53	C,A
1	1400	>54>56>57	>54>56>57,>54>55>57	A,G
1	1500	>58>60>61	>58>60>61,>58>59>61	G,T
1	1600	>62>64>65	>62>64>65,>62>63>65	A,T
1	1700	>66>68>69	>66>68>69,>66>67>69	T,C
1	1800	>70>72>73	>70>72>73,>70>71>73	A,T
1	1900	>74>76>77	>74>76>77,>74>75>77	T,C
1	2000	>78>80>81	>78>80>81,>78>79>81	G,C
1	2100	>82>84>85	>82>84>85,>82>83>85	T,C
1	2200	>86>88>89	>86>88>89,>86>87>89	A,T
1	2300	>90>92>93	>90>92>93,>90>91>93	T,C
1	2400	>94>96>97	>94>96>97,>94>95>97	C,A
1	2500	>98>100>101	>98>100>101,>98>99>101	G,C
1	2600	>102>104>105	>102>104>105,>102>103>105	T,G
1	2700	>106>108>109	>106>108>109,>106>107>109	A,G
1	2800	>110>112>113	>110>112>113,>110>111>113	C,T
1	2900	>114>116>117	>114>116>117,>114>115>117	A,G
1	3000	>118>120>121	>118>120>121,>118>119>121	A,T
1	3100	>122>124>125	>122>124>125,>122>123>125	G,A
1	3200	>126>128>129	>126>128>129,>126>127>129	G,A
1	3300	>130>132>133	>130>132>133,>130>131>133	C,G
1	3400	>134>136>137	>134>136>137,>134>135>137	T,A
1	3500	>138>140>141	>138>140>141,>138>139>141	T,G
1	3600	>142>144>145	>142>144>145,>142>143>145	G,T
1	3700	>146>148>149	>146>148>149,>146>147>149	A,G
1	3800	>150>152>153	>150>152>153,>150>151>153	T,G
1	3900	>154>156>157	>154>156>157,>154>155>157	G,T
1	4000	>158>160>161	>158>160>161,>158>159>161	C,A
1	4100	>162>164>165	>162>164>165,>162>163>165	G,T
1	4200	>166>168>169	>166>168>169,>166>167>169	G,T
1	4300	>170>172>173	>170>172>173,>170>171>173	A,T
1	4400	>174>176>177	>174>176>177,>174>175>177	G,A
1	4500	>178>180>181	>178>180>181,>178>179>181	A,T
1	4600	>182>184>185	>182>184>185,>182>183>185	G,C
1	4700	>186>188>189	>186>188>189,>186>187>189	T,A
1	4800	>190>192>193	>190>192>193,>190>191>193	C,G
1	4900	>194>196>197	>194>196>197,>194>195>197	G,T
1	5000	>198>200>201	>198>200>201,>198>199>201	T,A
1	5100	>202>204>205	>202>204>205,>202>203>205	G,C
1	5200	>206>208>209	>206>208>209,>206>207>209	G,A
1	5300	>210>212>213	>210>212>213,>210>211>213	C,A
1	5400	>214>216>217	>214>216>217,>214>215>217	T,C
1	5500	>218>220>221	>218>220>221,>218>219>221	T,C
1	5600	>222>224>225	>222>224>225,>222>223>225	T,C
1	5700	>226>228>229	>226>228>229,>226>227>229	A,T
1	5800	>230>232>233	>230>232>233,>230>231>233	T,A
1	5900	>234>236>237	>234>236>237,>234>235>237	T,C
1	6000	>238>240>241	>238>240>241,>238>239>241	T,C
1	6100	>242>244>245	>242>244>245,>242>243>245	T,C
1	6200	>246>248>249	>246>248>249,>246>247>249	T,G
1	6300	>250>252>253	>250>252>253,>250>251>253	G,A
1	6400	>254>256>257	>254>256>257,>254>255>257	T,A
1	6500	>258>260>261	>258>260>261,>258>259>261	G,A
1	6600	>262>264>265	>262>264>265,>262>263>265	A,C
1	6700	>266>268>269	>266>268>269,>266>267>269	A,T
1	6800	>270>272>273	>270>272>273,>270>271>273	C,G
1	6900	>274>276>277	>274>276>277,>274>275>277	C,G
1	7000	>278>280>281	>278>280>281,>278>279>281	A,T
1	7100	>282>284>285	>282>284>285,>282>283>285	G,A
1	7200	>286>288>289	>286>288>289,>286>287>289	A,T
1	7300	>290>292>293	>290>292>293,>290>291>293	A,C
1	7400	>294>296>297	>294>296>297,>294>295>297	G,C
1	7500	>298>300>301	>298>300>301,>298>299>301	C,A
1	7600	>302>304>305	>302>304>305,>302>303>305	C,G
1	7700	>306>308>309	>306>308>309,>306>307>309	A,C
1	7800	>310>312>313	>310>312>313,>310>311>313	C,T
1	7900	>314>316>317	>314>316>317,>314>315>317	G,C
1	8000	>318>320>321	>318>320>321,>318>319>321	T,G
1	8100	>322>324>325	>322>324>325,>322>323>325	C,A
1	8200	>326>328>329	>326>328>329,>326>327>329	T,G
1	8300	>330>332>333	>330>332>333,>330>331>333	A,T
1	8400	>334>336>337	>334>336>337,>334>335>337	C,G
1	8500	>338>340>341	>338>340>341,>338>339>341	C,A
1	8600	>342>344>345	>342>344>345,>342>343>345	T,G
1	8700	>346>348>349	>346>348>349,>346>347>349	T,A
1	8800	>350>352>353	>350>352>353,>350>351>353	A,G
1	8900	>354>356>357	>354>356>357,>354>355>357	C,A
1	9000	>358>360>361	>358>360>361,>358>359>361	C,A
1	9100	>362>364>365	>362>364>365,>362>363>365	C,A
1	9200	>366>368>369	>366>368>369,>366>367>369	T,G
1	9300	>370>372>373	>370>372>373,>370>371>373	G,C
1	9400	>374>376>377	>374>376>377,>374>375>377	A,T
1	9500	>378>380>381	>378>380>381,>378>379>381	T,G
1	9600	>382>384>385	>382>384>385,>382>383>385	T,C
1	9700	>386>388>389	>386>388>389,>386>387>389	C,G
1	9800	>390>392>393	>390>392>393,>390>391>393	G,T
1	9900	>394>396>397	>394>396>397,>394>395>397	C,T
1	10000	>398>400>401	>398>400>401,>398>399>401	T,G
1	100	>402>404>405	>402>404>405,>402>403>405	T,C
1	200	>406>408>409	>406>408>409,>406>407>409	A,T
1	300	>410>412>413	>410>412>413,>410>411>413	T,G
1	400	>414>416>417	>414>416>417,>414>415>417	G,T
1	500	>418>420>421	>418>420>421,>418>419>421	T,A
1	600	>422>424>425	>422>424>425,>422>423>425	T,C
1	700	>426>428>429	>426>428>429,>426>427>429	A,G
1	800	>430>432>433	>430>432>433,>430>431>433	A,C
1	900	>434>436>437	>434>436>437,>434>435>437	A,G
1	1000	>438>440>441	>438>440>441,>438>439>441	C,G
1	1100	>442>444>445	>442>444>445,>442>443>445	A,G
1	1200	>446>448>449	>446>448>449,>446>447>449	C,G
1	1300	>450>452>453	>450>452>453,>450>451>453	G,C
1	1400	>454>456>457	>454>456>457,>454>455>457	A,G
1	1500	>458>460>461	>458>460>461,>458>459>461	T,C
1	1600	>462>464>465	>462>464>465,>462>463>465	A,T
1	1700	>466>468>469	>466>468>469,>466>467>469	G,A
1	1800	>470>472>473	>470>472>473,>470>471>473	T,C
1	1900	>474>476>477	>474>476>477,>474>475>477	G,C
1	2000	>478>480>481	>478>480>481,>478>479>481	T,C
1	2100	>482>484>485	>482>484>485,>482>483>485	A,C
1	2200	>486>488>489	>486>488>489,>486>487>489	G,C
1	2300	>490>492>493	>490>492>493,>490>491>493	A,C
1	2400	>494>496>497	>494>496>497,>494>495>497	T,A
1	2500	>498>500>501	>498>500>501,>498>499>501	C,G
1	2600	>502>504>505	>502>504>505,>502>503>505	T,A
1	2700	>506>508>509	>506>508>509,>506>507>509	T,A
1	2800	>510>512>513	>510>512>513,>510>511>513	G,A
1	2900	>514>516>517	>514>516>517,>514>515>517	C,G
1	3000	>518>520>521	>518>520>521,>518>519>521	A,T
1	3100	>522>524>525	>522>524>525,>522>523>525	A,G
1	3200	>526>528>529	>526>528>529,>526>527>529	G,A
1	3300	>530>532>533	>530>532>533,>530>531>533	T,G
1	3400	>534>536>537	>534>536>537,>534>535>537	A,C
1	3500	>538>540>541	>538>540>541,>538>539>541	A,C
1	3600	>542>544>545	>542>544>545,>542>543>545	T,C
1	3700	>546>548>549	>546>548>549,>546>547>549	A,G
1	3800	>550>552>553	>550>552>553,>550>551>553	C,A
1	3900	>554>556>557	>554>556>557,>554>555>557	T,A
1	4000	>558>560>561	>558>560>561,>558>559>561	T,G
1	4100	>562>564>565	>562>564>565,>562>563>565	G,T
1	4200	>566>568>569	>566>568>569,>566>567>569	G,A
1	4300	>570>572>573	>570>572>573,>570>571>573	A,G
1	4400	>574>576>577	>574>576>577,>574>575>577	T,C
1	4500	>578>580>581	>578>580>581,>578>579>581	T,C
1	4600	>582>584>585	>582>584>585,>582>583>585	A,T
1	4700	>586>588>589	>586>588>589,>586>587>589	T,A
1	4800	>590>592>593	>590>592>593,>590>591>593	C,T
1	4900	>594>596>597	>594>596>597,>594>595>597	T,C
1	5000	>598>600>601	>598>600>601,>598>599>601	G,C
1	5100	>602>604>605	>602>604>605,>602>603>605	T,C
1	5200	>606>608>609	>606>608>609,>606>607>609	G,A
1	5300	>610>612>613	>610>612>613,>610>611>613	G,C
1	5400	>614>616>617	>614>616>617,>614>615>617	G,T
1	5500	>618>620>621	>618>620>621,>618>619>621	T,C
1	5600	>622>624>625	>622>624>625,>622>623>625	G,C
1	5700	>626>628>629	>626>628>629,>626>627>629	C,A
1	5800	>630>632>633	>630>632>633,>630>631>633	A,G
1	5900	>634>636>637	>634>636>637,>634>635>637	T,C
1	6000	>638>640>641	>638>640>641,>638>639>641	G,T
1	6100	>642>644>645	>642>644>645,>642>643>645	G,C
1	6200	>646>648>649	>646>648>649,>646>647>649	C,G
1	6300	>650>652>653	>650>652>653,>650>651>653	C,A
1	6400	>654>656>657	>654>656>657,>654>655>657	T,C
1	6500	>658>660>661	>658>660>661,>658>659>661	T,G
1	6600	>662>664>665	>662>664>665,>662>663>665	G,C
1	6700	>666>668>669	>666>668>669,>666>667>669	T,C
1	6800	>670>672>673	>670>672>673,>670>671>673	C,G
1	6900	>674>676>677	>674>676>677,>674>675>677	T,A
1	7000	>678>680>681	>678>680>681,>678>679>681	G,C
1	7100	>682>684>685	>682>684>685,>682>683>685	C,T
1	7200	>686>688>689	>686>688>689,>686>687>689	A,G
1	7300	>690>692>693	>690>692>693,>690>691>693	A,T
1	7400	>694>696>697	>694>696>697,>694>695>697	C,T
1	7500	>698>700>701	>698>700>701,>698>699>701	C,T
1	7600	>702>704>705	>702>704>705,>702>703>705	A,G
1	7700	>706>708>709	>706>708>709,>706>707>709	A,G
1	7800	>710>712>713	>710>712>713,>710>711>713	C,T
1	7900	>714>716>717	>714>716>717,>714>715>717	C,T
1	8000	>718>720>721	>718>720>721,>718>719>721	C,A
1	8100	>722>724>725	>722>724>725,>722>723>725	T,C
1	8200	>726>728>729	>726>728>729,>726>727>729	G,A
1	8300	>730>732>733	>730>732>733,>730>731>733	A,T
1	8400	>734>736>737	>734>736>737,>734>735>737	T,G
1	8500	>738>740>741	>738>740>741,>738>739>741	C,G
1	8600	>742>744>745	>742>744>745,>742>743>745	C,T
1	8700	>746>748>749	>746>748>749,>746>747>749	G,T
1	8800	>750>752>753	>750>752>753,>750>751>753	C,G
1	8900	>754>756>757	>754>756>757,>754>755>757	G,T
1	9000	>758>760>761	>758>760>761,>758>759>761	T,C
1	9100	>762>764>765	>762>764>765,>762>763>765	T,C
1	9200	>766>768>769	>766>768>769,>766>767>769	G,A
1	9300	>770>772>773	>770>772>773,>770>771>773	C,G
1	9400	>774>776>777	>774>776>777,>774>775>777	T,C
1	9500	>778>780>781	>778>780>781,>778>779>781	G,T
1	9600	>782>784>785	>782>784>785,>782>783>785	T,A
1	9700	>786>788>789	>786>788>789,>786>787>789	G,T
1	9800	>790>792>793	>790>792>793,>790>791>793	C,T
1	9900	>794>796>797	>794>796>797,>794>795>797	G,A
1	10000	>798>800>801	>798>800>801,>798>799>801	C,A
1	100	>802>804>805	>802>804>805,>802>803>805	A,G
1	200	>806>808>809	>806>808>809,>806>807>809	A,C
1	300	>810>812>813	>810>812>813,>810>811>813	G,T
1	400	>814>816>817	>814>816>817,>814>815>817	T,C
1	500	>818>820>821	>818>820>821,>818>819>821	A,T
1	600	>822>824>825	>822>824>825,>822>823>825	T,A
1	700	>826>828>829	>826>828>829,>826>827>829	C,T
1	800	>830>832>833	>830>832>833,>830>831>833	C,G
1	900	>834>836>837	>834>836>837,>834>835>837	G,T
1	1000	>838>840>841	>838>840>841,>838>839>841	G,C
1	1100	>842>844>845	>842>844>845,>842>843>845	C,A
1	1200	>846>848>849	>846>848>849,>846>847>849	T,A
1	1300	>850>852>853	>850>852>853,>850>851>853	G,C
1	1400	>854>856>857	>854>856>857,>854>855>857	T,G
1	1500	>858>860>861	>858>860>861,>858>859>861	T,A
1	1600	>862>864>865	>862>864>865,>862>863>865	G,C
1	1700	>866>868>869	>866>868>869,>866>867>869	G,T
1	1800	>870>872>873	>870>872>873,>870>871>873	C,G
1	1900	>874>876>877	>874>876>877,>874>875>877	T,G
1	2000	>878>880>881	>878>880>881,>878>879>881	T,C
1	2100	>882>884>885	>882>884>885,>882>883>885	T,G
1	2200	>886>888>889	>886>888>889,>886>887>889	T,A
1	2300	>890>892>893	>890>892>893,>890>891>893	T,C
1	2400	>894>896>897	>894>896>897,>894>895>897	T,G
1	2500	>898>900>901	>898>900>901,>898>899>901	T,A
1	2600	>902>904>905	>902>904>905,>902>903>905	G,C
1	2700	>906>908>909	>906>908>909,>906>907>909	C,A
1	2800	>910>912>913	>910>912>913,>910>911>913	T,G
1	2900	>914>916>917	>914>916>917,>914>915>917	C,G
1	3000	>918>920>921	>918>920>921,>918>919>921	T,A
1	3100	>922>924>925	>922>924>925,>922>923>925	T,C
1	3200	>926>928>929	>926>928>929,>926>927>929	G,C
1	3300	>930>932>933	>930>932>933,>930>931>933	A,T
1	3400	>934>936>937	>934>936>937,>934>935>937	C,G
1	3500	>938>940>941	>938>940>941,>938>939>941	A,G
1	3600	>942>944>945	>942>944>945,>942>943>945	A,C
1	3700	>946>948>949	>946>948>949,>946>947>949	T,G
1	3800	>950>952>953	>950>952>953,>950>951>953	A,T
1	3900	>954>956>957	>954>956>957,>954>955>957	T,C
1	4000	>958>960>961	>958>960>961,>958>959>961	C,G
1	4100	>962>964>965	>962>964>965,>962>963>965	C,A
1	4200	>966>968>969	>966>968>969,>966>967>969	G,C
1	4300	>970>972>973	>970>972>973,>970>971>973	G,C
1	4400	>974>976>977	>974>976>977,>974>975>977	A,C
1	4500	>978>980>981	>978>980>981,>978>979>981	T,G
1	4600	>982>984>985	>982>984>985,>982>983>985	A,C
1	4700	>986>988>989	>986>988>989,>986>987>989	T,G
1	4800	>990>992>993	>990>992>993,>990>991>993	A,T
1	4900	>994>996>997	>994>996>997,>994>995>997	G,C
1	5000	>998>1000>1001	>998>1000>1001,>998>999>1001	G,A
1	5100	>1002>1004>1005	>1002>1004>1005,>1002>1003>1005	C,G
1	5200	>1006>1008>1009	>1006>1008>1009,>1006>1007>1009	T,C
1	5300	>1010>1012>1013	>1010>1012>1013,>1010>1011>1013	G,A
1	5400	>1014>1016>1017	>1014>1016>1017,>1014>1015>1017	G,C
1	5500	>1018>1020>1021	>1018>1020>1021,>1018>1019>1021	T,G
1	5600	>1022>1024>1025	>1022>1024>1025,>1022>1023>1025	T,G
1	5700	>1026>1028>1029	>1026>1028>1029,>1026>1027>1029	T,C
1	5800	>1030>1032>1033	>1030>1032>1033,>1030>1031>1033	T,C
1	5900	>1034>1036>1037	>1034>1036>1037,>1034>1035>1037	A,G
1	6000	>1038>1040>1041	>1038>1040>1041,>1038>1039>1041	C,T
1	6100	>1042>1044>1045	>1042>1044>1045,>1042>1043>1045	G,T
1	6200	>1046>1048>1049	>1046>1048>1049,>1046>1047>1049	A,C
1	6300	>1050>1052>1053	>1050>1052>1053,>1050>1051>1053	A,G
1	6400	>1054>1056>1057	>1054>1056>1057,>1054>1055>1057	T,A
1	6500	>1058>1060>1061	>1058>1060>1061,>1058>1059>1061	C,A
1	6600	>1062>1064>1065	>1062>1064>1065,>1062>1063>1065	A,G
1	6700	>1066>1068>1069	>1066>1068>1069,>1066>1067>1069	G,C
1	6800	>1070>1072>1073	>1070>1072>1073,>1070>1071>1073	A,T
1	6900	>1074>1076>1077	>1074>1076>1077,>1074>1075>1077	C,G
1	7000	>1078>1080>1081	>1078>1080>1081,>1078>1079>1081	G,T
1	7100	>1082>1084>1085	>1082>1084>1085,>1082>1083>1085	C,A
1	7200	>1086>1088>1089	>1086>1088>1089,>1086>1087>1089	T,G
1	7300	>1090>1092>1093	>1090>1092>1093,>1090>1091>1093	C,A
1	7400	>1094>1096>1097	>1094>1096>1097,>1094>1095>1097	T,G
1	7500	>1098>1100>1101	>1098>1100>1101,>1098>1099>1101	G,C
1	7600	>1102>1104>1105	>1102>1104>1105,>1102>1103>1105	T,A
1	7700	>1106>1108>1109	>1106>1108>1109,>1106>1107>1109	G,C
1	7800	>1110>1112>1113	>1110>1112>1113,>1110>1111>1113	C,G
1	7900	>1114>1116>1117	>1114>1116>1117,>1114>1115>1117	C,A
1	8000	>1118>1120>1121	>1118>1120>1121,>1118>1119>1121	C,G
1	8100	>1122>1124>1125	>1122>1124>1125,>1122>1123>1125	A,C
1	8200	>1126>1128>1129	>1126>1128>1129,>1126>1127>1129	C,A
1	8300	>1130>1132>1133	>1130>1132>1133,>1130>1131>1133	C,T
1	8400	>1134>1136>1137	>1134>1136>1137,>1134>1135>1137	T,A
1	8500	>1138>1140>1141	>1138>1140>1141,>1138>1139>1141	C,A
1	8600	>1142>1144>1145	>1142>1144>1145,>1142>1143>1145	G,C
1	8700	>1146>1148>1149	>1146>1148>1149,>1146>1147>1149	A,C
1	8800	>1150>1152>1153	>1150>1152>1153,>1150>1151>1153	A,G
1	8900	>1154>1156>1157	>1154>1156>1157,>1154>1155>1157	A,T
1	9000	>1158>1160>1161	>1158>1160>1161,>1158>1159>1161	G,C
1	9100	>1162>1164>1165	>1162>1164>1165,>1162>1163>1165	T,G
1	9200	>1166>1168>1169	>1166>1168>1169,>1166>1167>1169	T,G
1	9300	>1170>1172>1173	>1170>1172>1173,>1170>1171>1173	T,G
1	9400	>1174>1176>1177	>1174>1176>1177,>1174>1175>1177	G,A
1	9500	>1178>1180>1181	>1178>1180>1181,>1178>1179>1181	C,G
1	9600	>1182>1184>1185	>1182>1184>1185,>1182>1183>1185	C,A
1	9700	>1186>1188>1189	>1186>1188>1189,>1186>1187>1189	G,T
1	9800	>1190>1192>1193	>1190>1192>1193,>1190>1191>1193	G,C
1	9900	>1194>1196>1197	>1194>1196>1197,>1194>1195>1197	C,A
1	10000	>1198>1200>1201	>1198>1200>1201,>1198>1199>1201	G,T
1	100	>1202>1204>1205	>1202>1204>1205,>1202>1203>1205	G,C
1	200	>1206>1208>1209	>1206>1208>1209,>1206>1207>1209	T,A
1	300	>1210>1212>1213	>1210>1212>1213,>1210>1211>1213	C,G
1	400	>1214>1216>1217	>1214>1216>1217,>1214>1215>1217	G,C
1	500	>1218>1220>1221	>1218>1220>1221,>1218>1219>1221	A,G
1	600	>1222>1224>1225	>1222>1224>1225,>1222>1223>1225	A,G
1	700	>1226>1228>1229	>1226>1228>1229,>1226>1227>1229	T,G
1	800	>1230>1232>1233	>1230>1232>1233,>1230>1231>1233	A,T
1	900	>1234>1236>1237	>1234>1236>1237,>1234>1235>1237	G,T
1	1000	>1238>1240>1241	>1238>1240>1241,>1238>1239>1241	G,A
1	1100	>1242>1244>1245	>1242>1244>1245,>1242>1243>1245	C,A
1	1200	>1246>1248>1249	>1246>1248>1249,>1246>1247>1249	G,C
1	1300	>1250>1252>1253	>1250>1252>1253,>1250>1251>1253	T,G
1	1400	>1254>1256>1257	>1254>1256>1257,>1254>1255>1257	C,G
1	1500	>1258>1260>1261	>1258>1260>1261,>1258>1259>1261	G,C
1	1600	>1262>1264>1265	>1262>1264>1265,>1262>1263>1265	G,T
1	1700	>1266>1268>1269	>1266>1268>1269,>1266>1267>1269	C,G
1	1800	>1270>1272>1273	>1270>1272>1273,>1270>1271>1273	C,A
1	1900	>1274>1276>1277	>1274>1276>1277,>1274>1275>1277	T,A
1	2000	>1278>1280>1281	>1278>1280>1281,>1278>1279>1281	T,A
1	2100	>1282>1284>1285	>1282>1284>1285,>1282>1283>1285	G,A
1	2200	>1286>1288>1289	>1286>1288>1289,>1286>1287>1289	T,A
1	2300	>1290>1292>1293	>1290>1292>1293,>1290>1291>1293	C,A
1	2400	>1294>1296>1297	>1294>1296>1297,>1294>1295>1297	C,A
1	2500	>1298>1300>1301	>1298>1300>1301,>1298>1299>1301	C,G
1	2600	>1302>1304>1305	>1302>1304>1305,>1302>1303>1305	A,T
1	2700	>1306>1308>1309	>1306>1308>1309,>1306>1307>1309	G,A
1	2800	>1310>1312>1313	>1310>1312>1313,>1310>1311>1313	G,A
1	2900	>1314>1316>1317	>1314>1316>1317,>1314>1315>1317	C,G
1	3000	>1318>1320>1321	>1318>1320>1321,>1318>1319>1321	T,A
1	3100	>1322>1324>1325	>1322>1324>1325,>1322>1323>1325	G,T
1	3200	>1326>1328>1329	>1326>1328>1329,>1326>1327>1329	A,G
1	3300	>1330>1332>1333	>1330>1332>1333,>1330>1331>1333	A,G
1	3400	>1334>1336>1337	>1334>1336>1337,>1334>1335>1337	C,G
1	3500	>1338>1340>1341	>1338>1340>1341,>1338>1339>1341	G,T
1	3600	>1342>1344>1345	>1342>1344>1345,>1342>1343>1345	A,C
1	3700	>1346>1348>1349	>1346>1348>1349,>1346>1347>1349	G,A
1	3800	>1350>1352>1353	>1350>1352>1353,>1350>1351>1353	C,A
1	3900	>1354>1356>1357	>1354>1356>1357,>1354>1355>1357	C,A
1	4000	>1358>1360>1361	>1358>1360>1361,>1358>1359>1361	T,G
1	4100	>1362>1364>1365	>1362>1364>1365,>1362>1363>1365	C,T
1	4200	>1366>1368>1369	>1366>1368>1369,>1366>1367>1369	C,A
1	4300	>1370>1372>1373	>1370>1372>1373,>1370>1371>1373	T,C
1	4400	>1374>1376>1377	>1374>1376>1377,>1374>1375>1377	G,C
1	4500	>1378>1380>1381	>1378>1380>1381,>1378>1379>1381	T,G
1	4600	>1382>1384>1385	>1382>1384>1385,>1382>1383>1385	T,C
1	4700	>1386>1388>1389	>1386>1388>1389,>1386>1387>1389	G,A
1	4800	>1390>1392>1393	>1390>1392>1393,>1390>1391>1393	C,T
1	4900	>1394>1396>1397	>1394>1396>1397,>1394>1395>1397	T,C
1	5000	>1398>1400>1401	>1398>1400>1401,>1398>1399>1401	C,T
1	5100	>1402>1404>1405	>1402>1404>1405,>1402>1403>1405	T,G
1	5200	>1406>1408>1409	>1406>1408>1409,>1406>1407>1409	T,G
1	5300	>1410>1412>1413	>1410>1412>1413,>1410>1411>1413	C,G
1	5400	>1414>1416>1417	>1414>1416>1417,>1414>1415>1417	C,G
1	5500	>1418>1420>1421	>1418>1420>1421,>1418>1419>1421	C,A
1	5600	>1422>1424>1425	>1422>1424>1425,>1422>1423>1425	G,A
1	5700	>1426>1428>1429	>1426>1428>1429,>1426>1427>1429	A,C
1	5800	>1430>1432>1433	>1430>1432>1433,>1430>1431>1433	A,C
1	5900	>1434>1436>1437	>1434>1436>1437,>1434>1435>1437	C,A
1	6000	>1438>1440>1441	>1438>1440>1441,>1438>1439>1441	G,C
1	6100	>1442>1444>1445	>1442>1444>1445,>1442>1443>1445	G,T
1	6200	>1446>1448>1449	>1446>1448>1449,>1446>1447>1449	G,C
1	6300	>1450>1452>1453	>1450>1452>1453,>1450>1451>1453	A,T
1	6400	>1454>1456>1457	>1454>1456>1457,>1454>1455>1457	A,C
1	6500	>1458>1460>1461	>1458>1460>1461,>1458>1459>1461	G,C
1	6600	>1462>1464>1465	>1462>1464>1465,>1462>1463>1465	A,G
1	6700	>1466>1468>1469	>1466>1468>1469,>1466>1467>1469	T,C
1	6800	>1470>1472>1473	>1470>1472>1473,>1470>1471>1473	T,G
1	6900	>1474>1476>1477	>1474>1476>1477,>1474>1475>1477	C,A
1	7000	>1478>1480>1481	>1478>1480>1481,>1478>1479>1481	C,G
1	7100	>1482>1484>1485	>1482>1484>1485,>1482>1483>1485	T,A
1	7200	>1486>1488>1489	>1486>1488>1489,>1486>1487>1489	G,T
1	7300	>1490>1492>1493	>1490>1492>1493,>1490>1491>1493	G,C
1	7400	>1494>1496>1497	>1494>1496>1497,>1494>1495>1497	G,A
1	7500	>1498>1500>1501	>1498>1500>1501,>1498>1499>1501	A,T
1	7600	>1502>1504>1505	>1502>1504>1505,>1502>1503>1505	T,G
1	7700	>1506>1508>1509	>1506>1508>1509,>1506>1507>1509	G,C
1	7800	>1510>1512>1513	>1510>1512>1513,>1510>1511>1513	T,C
1	7900	>1514>1516>1517	>1514>1516>1517,>1514>1515>1517	C,A
1	8000	>1518>1520>1521	>1518>1520>1521,>1518>1519>1521	C,A
1	8100	>1522>1524>1525	>1522>1524>1525,>1522>1523>1525	C,A
1	8200	>1526>1528>1529	>1526>1528>1529,>1526>1527>1529	T,G
1	8300	>1530>1532>1533	>1530>1532>1533,>1530>1531>1533	G,T
1	8400	>1534>1536>1537	>1534>1536>1537,>1534>1535>1537	G,A
1	8500	>1538>1540>1541	>1538>1540>1541,>1538>1539>1541	A,G
1	8600	>1542>1544>1545	>1542>1544>1545,>1542>1543>1545	A,G
1	8700	>1546>1548>1549	>1546>1548>1549,>1546>1547>1549	T,C
1	8800	>1550>1552>1553	>1550>1552>1553,>1550>1551>1553	A,T
1	8900	>1554>1556>1557	>1554>1556>1557,>1554>1555>1557	T,G
1	9000	>1558>1560>1561	>1558>1560>1561,>1558>1559>1561	G,C
1	9100	>1562>1564>1565	>1562>1564>1565,>1562>1563>1565	T,C
1	9200	>1566>1568>1569	>1566>1568>1569,>1566>1567>1569	A,G
1	9300	>1570>1572>1573	>1570>1572>1573,>1570>1571>1573	A,G
1	9400	>1574>1576>1577	>1574>1576>1577,>1574>1575>1577	G,C
1	9500	>1578>1580>1581	>1578>1580>1581,>1578>1579>1581	G,C
1	9600	>1582>1584>1585	>1582>1584>1585,>1582>1583>1585	G,T
1	9700	>1586>1588>1589	>1586>1588>1589,>1586>1587>1589	G,T
1	9800	>1590>1592>1593	>1590>1592>1593,>1590>1591>1593	T,C
1	9900	>1594>1596>1597	>1594>1596>1597,>1594>1595>1597	A,T
1	10000	>1598>1600>1601	>1598>1600>1601,>1598>1599>1601	G,A
1	100	>1602>1604>1605	>1602>1604>1605,>1602>1603>1605	C,T
1	200	>1606>1608>1609	>1606>1608>1609,>1606>1607>1609	A,C
1	300	>1610>1612>1613	>1610>1612>1613,>1610>1611>1613	C,T
1	400	>1614>1616>1617	>1614>1616>1617,>1614>1615>1617	T,G
1	500	>1618>1620>1621	>1618>1620>1621,>1618>1619>1621	T,C
1	600	>1622>1624>1625	>1622>1624>1625,>1622>1623>1625	C,T
1	700	>1626>1628>1629	>1626>1628>1629,>1626>1627>1629	C,G
1	800	>1630>1632>1633	>1630>1632>1633,>1630>1631>1633	C,G
1	900	>1634>1636>1637	>1634>1636>1637,>1634>1635>1637	G,C
1	1000	>1638>1640>1641	>1638>1640>1641,>1638>1639>1641	C,T
1	1100	>1642>1644>1645	>1642>1644>1645,>1642>1643>1645	T,A
1	1200	>1646>1648>1649	>1646>1648>1649,>1646>1647>1649	C,T
1	1300	>1650>1652>1653	>1650>1652>1653,>1650>1651>1653	C,A
1	1400	>1654>1656>1657	>1654>1656>1657,>1654>1655>1657	T,G
1	1500	>1658>1660>1661	>1658>1660>1661,>1658>1659>1661	G,A
1	1600	>1662>1664>1665	>1662>1664>1665,>1662>1663>1665	A,T
1	1700	>1666>1668>1669	>1666>1668>1669,>1666>1667>1669	G,C
1	1800	>1670>1672>1673	>1670>1672>1673,>1670>1671>1673	A,C
1	1900	>1674>1676>1677	>1674>1676>1677,>1674>1675>1677	G,A
1	2000	>1678>1680>1681	>1678>1680>1681,>1678>1679>1681	C,A
1	2100	>1682>1684>1685	>1682>1684>1685,>1682>1683>1685	T,C
1	2200	>1686>1688>1689	>1686>1688>1689,>1686>1687>1689	T,A
1	2300	>1690>1692>1693	>1690>1692>1693,>1690>1691>1693	G,C
1	2400	>1694>1696>1697	>1694>1696>1697,>1694>1695>1697	T,A
1	2500	>1698>1700>1701	>1698>1700>1701,>1698>1699>1701	G,T
1	2600	>1702>1704>1705	>1702>1704>1705,>1702>1703>1705	G,T
1	2700	>1706>1708>1709	>1706>1708>1709,>1706>1707>1709	A,G
1	2800	>1710>1712>1713	>1710>1712>1713,>1710>1711>1713	C,T
1	2900	>1714>1716>1717	>1714>1716>1717,>1714>1715>1717	C,A
1	3000	>1718>1720>1721	>1718>1720>1721,>1718>1719>1721	T,A
1	3100	>1722>1724>1725	>1722>1724>1725,>1722>1723>1725	T,G
1	3200	>1726>1728>1729	>1726>1728>1729,>1726>1727>1729	A,G
1	3300	>1730>1732>1733	>1730>1732>1733,>1730>1731>1733	C,T
1	3400	>1734>1736>1737	>1734>1736>1737,>1734>1735>1737	C,A
1	3500	>1738>1740>1741	>1738>1740>1741,>1738>1739>1741	G,T
1	3600	>1742>1744>1745	>1742>1744>1745,>1742>1743>1745	A,C
1	3700	>1746>1748>1749	>1746>1748>1749,>1746>1747>1749	A,T
1	3800	>1750>1752>1753	>1750>1752>1753,>1750>1751>1753	A,C
1	3900	>1754>1756>1757	>1754>1756>1757,>1754>1755>1757	A,G
1	4000	>1758>1760>1761	>1758>1760>1761,>1758>1759>1761	C,G
1	4100	>1762>1764>1765	>1762>1764>1765,>1762>1763>1765	G,C
1	4200	>1766>1768>1769	>1766>1768>1769,>1766>1767>1769	T,C
1	4300	>1770>1772>1773	>1770>1772>1773,>1770>1771>1773	G,T
1	4400	>1774>1776>1777	>1774>1776>1777,>1774>1775>1777	G,A
1	4500	>1778>1780>1781	>1778>1780>1781,>1778>1779>1781	C,G
1	4600	>1782>1784>1785	>1782>1784>1785,>1782>1783>1785	A,G
1	4700	>1786>1788>1789	>1786>1788>1789,>1786>1787>1789	A,T
1	4800	>1790>1792>1793	>1790>1792>1793,>1790>1791>1793	C,G
1	4900	>1794>1796>1797	>1794>1796>1797,>1794>1795>1797	G,T
1	5000	>1798>1800>1801	>1798>1800>1801,>1798>1799>1801	C,A
1	5100	>1802>1804>1805	>1802>1804>1805,>1802>1803>1805	C,A
1	5200	>1806>1808>1809	>1806>1808>1809,>1806>1807>1809	C,A
1	5300	>1810>1812>1813	>1810>1812>1813,>1810>1811>1813	A,T
1	5400	>1814>1816>1817	>1814>1816>1817,>1814>1815>1817	C,G
1	5500	>1818>1820>1821	>1818>1820>1821,>1818>1819>1821	A,C
1	5600	>1822>1824>1825	>1822>1824>1825,>1822>1823>1825	G,C
1	5700	>1826>1828>1829	>1826>1828>1829,>1826>1827>1829	G,T
1	5800	>1830>1832>1833	>1830>1832>1833,>1830>1831>1833	C,A
1	5900	>1834>1836>1837	>1834>1836>1837,>1834>1835>1837	G,A
1	6000	>1838>1840>1841	>1838>1840>1841,>1838>1839>1841	G,C
1	6100	>1842>1844>1845	>1842>1844>1845,>1842>1843>1845	A,T
1	6200	>1846>1848>1849	>1846>1848>1849,>1846>1847>1849	G,C
1	6300	>1850>1852>1853	>1850>1852>1853,>1850>1851>1853	G,T
1	6400	>1854>1856>1857	>1854>1856>1857,>1854>1855>1857	G,A
1	6500	>1858>1860>1861	>1858>1860>1861,>1858>1859>1861	G,T
1	6600	>1862>1864>1865	>1862>1864>1865,>1862>1863>1865	T,C
1	6700	>1866>1868>1869	>1866>1868>1869,>1866>1867>1869	A,G
1	6800	>1870>1872>1873	>1870>1872>1873,>1870>1871>1873	T,C
1	6900	>1874>1876>1877	>1874>1876>1877,>1874>1875>1877	C,A
1	7000	>1878>1880>1881	>1878>1880>1881,>1878>1879>1881	T,C
1	7100	>1882>1884>1885	>1882>1884>1885,>1882>1883>1885	C,T
1	7200	>1886>1888>1889	>1886>1888>1889,>1886>1887>1889	T,G
1	7300	>1890>1892>1893	>1890>1892>1893,>1890>1891>1893	C,T
1	7400	>1894>1896>1897	>1894>1896>1897,>1894>1895>1897	T,A
1	7500	>1898>1900>1901	>1898>1900>1901,>1898>1899>1901	C,T
1	7600	>1902>1904>1905	>1902>1904>1905,>1902>1903>1905	T,G
1	7700	>1906>1908>1909	>1906>1908>1909,>1906>1907>1909	T,A
1	7800	>1910>1912>1913	>1910>1912>1913,>1910>1911>1913	G,C
1	7900	>1914>1916>1917	>1914>1916>1917,>1914>1915>1917	G,T
1	8000	>1918>1920>1921	>1918>1920>1921,>1918>1919>1921	A,G
1	8100	>1922>1924>1925	>1922>1924>1925,>1922>1923>1925	T,A
1	8200	>1926>1928>1929	>1926>1928>1929,>1926>1927>1929	C,A
1	8300	>1930>1932>1933	>1930>1932>1933,>1930>1931>1933	G,T
1	8400	>1934>1936>1937	>1934>1936>1937,>1934>1935>1937	T,C
1	8500	>1938>1940>1941	>1938>1940>1941,>1938>1939>1941	T,C
1	8600	>1942>1944>1945	>1942>1944>1945,>1942>1943>1945	C,T
1	8700	>1946>1948>1949	>1946>1948>1949,>1946>1947>1949	G,T
1	8800	>1950>1952>1953	>1950>1952>1953,>1950>1951>1953	A,T
1	8900	>1954>1956>1957	>1954>1956>1957,>1954>1955>1957	G,T
1	9000	>1958>1960>1961	>1958>1960>1961,>1958>1959>1961	G,T
1	9100	>1962>1964>1965	>1962>1964>1965,>1962>1963>1965	C,T
1	9200	>1966>1968>1969	>1966>1968>1969,>1966>1967>1969	T,A
1	9300	>1970>1972>1973	>1970>1972>1973,>1970>1971>1973	C,T
1	9400	>1974>1976>1977	>1974>1976>1977,>1974>1975>1977	A,G
1	9500	>1978>1980>1981	>1978>1980>1981,>1978>1979>1981	A,C
1	9600	>1982>1984>1985	>1982>1984>1985,>1982>1983>1985	A,T
1	9700	>1986>1988>1989	>1986>1988>1989,>1986>1987>1989	C,T
1	9800	>1990>1992>1993	>1990>1992>1993,>1990>1991>1993	T,A
1	9900	>1994>1996>1997	>1994>1996>1997,>1994>1995>1997	T,C
1	10000	>1998>2000>2001	>1998>2000>2001,>1998>1999>2001	G,C
1	100	>2002>2004>2005	>2002>2004>2005,>2002>2003>2005	G,T
1	200	>2006>2008>2009	>2006>2008>2009,>2006>2007>2009	G,C
1	300	>2010>2012>2013	>2010>2012>2013,>2010>2011>2013	G,C
1	400	>2014>2016>2017	>2014>2016>2017,>2014>2015>2017	G,C
1	500	>2018>2020>2021	>2018>2020>2021,>2018>2019>2021	A,T
1	600	>2022>2024>2025	>2022>2024>2025,>2022>2023>2025	G,C
1	700	>2026>2028>2029	>2026>2028>2029,>2026>2027>2029	T,G
1	800	>2030>2032>2033	>2030>2032>2033,>2030>2031>2033	A,C
1	900	>2034>2036>2037	>2034>2036>2037,>2034>2035>2037	T,C
1	1000	>2038>2040>2041	>2038>2040>2041,>2038>2039>2041	G,C
1	1100	>2042>2044>2045	>2042>2044>2045,>2042>2043>2045	T,A
1	1200	>2046>2048>2049	>2046>2048>2049,>2046>2047>2049	T,G
1	1300	>2050>2052>2053	>2050>2052>2053,>2050>2051>2053	C,T
1	1400	>2054>2056>2057	>2054>2056>2057,>2054>2055>2057	A,T
1	1500	>2058>2060>2061	>2058>2060>2061,>2058>2059>2061	A,T
1	1600	>2062>2064>2065	>2062>2064>2065,>2062>2063>2065	G,C
1	1700	>2066>2068>2069	>2066>2068>2069,>2066>2067>2069	T,A
1	1800	>2070>2072>2073	>2070>2072>2073,>2070>2071>2073	T,A
1	1900	>2074>2076>2077	>2074>2076>2077,>2074>2075>2077	T,G
1	2000	>2078>2080>2081	>2078>2080>2081,>2078>2079>2081	A,G
1	2100	>2082>2084>2085	>2082>2084>2085,>2082>2083>2085	T,A
1	2200	>2086>2088>2089	>2086>2088>2089,>2086>2087>2089	A,T
1	2300	>2090>2092>2093	>2090>2092>2093,>2090>2091>2093	A,C
1	2400	>2094>2096>2097	>2094>2096>2097,>2094>2095>2097	G,C
1	2500	>2098>2100>2101	>2098>2100>2101,>2098>2099>2101	G,A
1	2600	>2102>2104>2105	>2102>2104>2105,>2102>2103>2105	A,T
1	2700	>2106>2108>2109	>2106>2108>2109,>2106>2107>2109	A,G
1	2800	>2110>2112>2113	>2110>2112>2113,>2110>2111>2113	T,C
1	2900	>2114>2116>2117	>2114>2116>2117,>2114>2115>2117	A,C
1	3000	>2118>2120>2121	>2118>2120>2121,>2118>2119>2121	T,G
1	3100	>2122>2124>2125	>2122>2124>2125,>2122>2123>2125	T,G
1	3200	>2126>2128>2129	>2126>2128>2129,>2126>2127>2129	A,G
1	3300	>2130>2132>2133	>2130>2132>2133,>2130>2131>2133	A,G
1	3400	>2134>2136>2137	>2134>2136>2137,>2134>2135>2137	A,T
1	3500	>2138>2140>2141	>2138>2140>2141,>2138>2139>2141	A,G
1	3600	>2142>2144>2145	>2142>2144>2145,>2142>2143>2145	C,G
1	3700	>2146>2148>2149	>2146>2148>2149,>2146>2147>2149	G,T
1	3800	>2150>2152>2153	>2150>2152>2153,>2150>2151>2153	A,T
1	3900	>2154>2156>2157	>2154>2156>2157,>2154>2155>2157	A,G
1	4000	>2158>2160>2161	>2158>2160>2161,>2158>2159>2161	C,T
1	4100	>2162>2164>2165	>2162>2164>2165,>2162>2163>2165	A,G
1	4200	>2166>2168>2169	>2166>2168>2169,>2166>2167>2169	G,T
1	4300	>2170>2172>2173	>2170>2172>2173,>2170>2171>2173	A,T
1	4400	>2174>2176>2177	>2174>2176>2177,>2174>2175>2177	A,T
1	4500	>2178>2180>2181	>2178>2180>2181,>2178>2179>2181	A,G
1	4600	>2182>2184>2185	>2182>2184>2185,>2182>2183>2185	A,C
1	4700	>2186>2188>2189	>2186>2188>2189,>2186>2187>2189	G,A
1	4800	>2190>2192>2193	>2190>2192>2193,>2190>2191>2193	A,G
1	4900	>2194>2196>2197	>2194>2196>2197,>2194>2195>2197	G,A
1	5000	>2198>2200>2201	>2198>2200>2201,>2198>2199>2201	T,C
1	5100	>2202>2204>2205	>2202>2204>2205,>2202>2203>2205	G,A
1	5200	>2206>2208>2209	>2206>2208>2209,>2206>2207>2209	G,T
1	5300	>2210>2212>2213	>2210>2212>2213,>2210>2211>2213	A,T
1	5400	>2214>2216>2217	>2214>2216>2217,>2214>2215>2217	G,C
1	5500	>2218>2220>2221	>2218>2220>2221,>2218>2219>2221	G,T
1	5600	>2222>2224>2225	>2222>2224>2225,>2222>2223>2225	T,A
1	5700	>2226>2228>2229	>2226>2228>2229,>2226>2227>2229	G,T
1	5800	>2230>2232>2233	>2230>2232>2233,>2230>2231>2233	T,C
1	5900	>2234>2236>2237	>2234>2236>2237,>2234>2235>2237	T,G
1	6000	>2238>2240>2241	>2238>2240>2241,>2238>2239>2241	A,C
1	6100	>2242>2244>2245	>2242>2244>2245,>2242>2243>2245	G,T
1	6200	>2246>2248>2249	>2246>2248>2249,>2246>2247>2249	T,G
1	6300	>2250>2252>2253	>2250>2252>2253,>2250>2251>2253	A,C
1	6400	>2254>2256>2257	>2254>2256>2257,>2254>2255>2257	T,G
1	6500	>2258>2260>2261	>2258>2260>2261,>2258>2259>2261	T,A
1	6600	>2262>2264>2265	>2262>2264>2265,>2262>2263>2265	A,C
1	6700	>2266>2268>2269	>2266>2268>2269,>2266>2267>2269	G,T
1	6800	>2270>2272>2273	>2270>2272>2273,>2270>2271>2273	G,T
1	6900	>2274>2276>2277	>2274>2276>2277,>2274>2275>2277	G,T
1	7000	>2278>2280>2281	>2278>2280>2281,>2278>2279>2281	G,C
1	7100	>2282>2284>2285	>2282>2284>2285,>2282>2283>2285	A,C
1	7200	>2286>2288>2289	>2286>2288>2289,>2286>2287>2289	A,T
1	7300	>2290>2292>2293	>2290>2292>2293,>2290>2291>2293	G,A
1	7400	>2294>2296>2297	>2294>2296>2297,>2294>2295>2297	C,T
1	7500	>2298>2300>2301	>2298>2300>2301,>2298>2299>2301	G,C
1	7600	>2302>2304>2305	>2302>2304>2305,>2302>2303>2305	G,A
1	7700	>2306>2308>2309	>2306>2308>2309,>2306>2307>2309	A,T
1	7800	>2310>2312>2313	>2310>2312>2313,>2310>2311>2313	C,T
1	7900	>2314>2316>2317	>2314>2316>2317,>2314>2315>2317	G,C
1	8000	>2318>2320>2321	>2318>2320>2321,>2318>2319>2321	G,T
1	8100	>2322>2324>2325	>2322>2324>2325,>2322>2323>2325	A,G
1	8200	>2326>2328>2329	>2326>2328>2329,>2326>2327>2329	C,T
1	8300	>2330>2332>2333	>2330>2332>2333,>2330>2331>2333	G,C
1	8400	>2334>2336>2337	>2334>2336>2337,>2334>2335>2337	G,A
1	8500	>2338>2340>2341	>2338>2340>2341,>2338>2339>2341	T,C
1	8600	>2342>2344>2345	>2342>2344>2345,>2342>2343>2345	T,A
1	8700	>2346>2348>2349	>2346>2348>2349,>2346>2347>2349	A,C
1	8800	>2350>2352>2353	>2350>2352>2353,>2350>2351>2353	C,A
1	8900	>2354>2356>2357	>2354>2356>2357,>2354>2355>2357	G,A
1	9000	>2358>2360>2361	>2358>2360>2361,>2358>2359>2361	C,A
1	9100	>2362>2364>2365	>2362>2364>2365,>2362>2363>2365	G,A
1	9200	>2366>2368>2369	>2366>2368>2369,>2366>2367>2369	C,T
1	9300	>2370>2372>2373	>2370>2372>2373,>2370>2371>2373	G,A
1	9400	>2374>2376>2377	>2374>2376>2377,>2374>2375>2377	T,C
1	9500	>2378>2380>2381	>2378>2380>2381,>2378>2379>2381	G,C
1	9600	>2382>2384>2385	>2382>2384>2385,>2382>2383>2385	A,T
1	9700	>2386>2388>2389	>2386>2388>2389,>2386>2387>2389	T,A
1	9800	>2390>2392>2393	>2390>2392>2393,>2390>2391>2393	G,A
1	9900	>2394>2396>2397	>2394>2396>2397,>2394>2395>2397	T,G
1	10000	>2398>2400>2401	>2398>2400>2401,>2398>2399>2401	C,T
1	100	>2402>2404>2405	>2402>2404>2405,>2402>2403>2405	C,T
1	200	>2406>2408>2409	>2406>2408>2409,>2406>2407>2409	G,T
1	300	>2410>2412>2413	>2410>2412>2413,>2410>2411>2413	T,C
1	400	>2414>2416>2417	>2414>2416>2417,>2414>2415>2417	G,C
1	500	>2418>2420>2421	>2418>2420>2421,>2418>2419>2421	G,T
1	600	>2422>2424>2425	>2422>2424>2425,>2422>2423>2425	C,T
1	700	>2426>2428>2429	>2426>2428>2429,>2426>2427>2429	T,A
1	800	>2430>2432>2433	>2430>2432>2433,>2430>2431>2433	G,T
1	900	>2434>2436>2437	>2434>2436>2437,>2434>2435>2437	A,T
1	1000	>2438>2440>2441	>2438>2440>2441,>2438>2439>2441	G,T
1	1100	>2442>2444>2445	>2442>2444>2445,>2442>2443>2445	G,C
1	1200	>2446>2448>2449	>2446>2448>2449,>2446>2447>2449	C,G
1	1300	>2450>2452>2453	>2450>2452>2453,>2450>2451>2453	T,G
1	1400	>2454>2456>2457	>2454>2456>2457,>2454>2455>2457	A,T
1	1500	>2458>2460>2461	>2458>2460>2461,>2458>2459>2461	T,G
1	1600	>2462>2464>2465	>2462>2464>2465,>2462>2463>2465	T,A
1	1700	>2466>2468>2469	>2466>2468>2469,>2466>2467>2469	G,A
1	1800	>2470>2472>2473	>2470>2472>2473,>2470>2471>2473	T,A
1	1900	>2474>2476>2477	>2474>2476>2477,>2474>2475>2477	G,C
1	2000	>2478>2480>2481	>2478>2480>2481,>2478>2479>2481	A,G
1	2100	>2482>2484>2485	>2482>2484>2485,>2482>2483>2485	T,G
1	2200	>2486>2488>2489	>2486>2488>2489,>2486>2487>2489	G,A
1	2300	>2490>2492>2493	>2490>2492>2493,>2490>2491>2493	T,C
1	2400	>2494>2496>2497	>2494>2496>2497,>2494>2495>2497	A,G
1	2500	>2498>2500>2501	>2498>2500>2501,>2498>2499>2501	G,C
1	2600	>2502>2504>2505	>2502>2504>2505,>2502>2503>2505	G,C
1	2700	>2506>2508>2509	>2506>2508>2509,>2506>2507>2509	C,T
1	2800	>2510>2512>2513	>2510>2512>2513,>2510>2511>2513	A,G
1	2900	>2514>2516>2517	>2514>2516>2517,>2514>2515>2517	T,A
1	3000	>2518>2520>2521	>2518>2520>2521,>2518>2519>2521	C,T
1	3100	>2522>2524>2525	>2522>2524>2525,>2522>2523>2525	A,G
1	3200	>2526>2528>2529	>2526>2528>2529,>2526>2527>2529	G,A
1	3300	>2530>2532>2533	>2530>2532>2533,>2530>2531>2533	T,G
1	3400	>2534>2536>2537	>2534>2536>2537,>2534>2535>2537	G,T
1	3500	>2538>2540>2541	>2538>2540>2541,>2538>2539>2541	C,T
1	3600	>2542>2544>2545	>2542>2544>2545,>2542>2543>2545	T,G
1	3700	>2546>2548>2549	>2546>2548>2549,>2546>2547>2549	A,G
1	3800	>2550>2552>2553	>2550>2552>2553,>2550>2551>2553	G,A
1	3900	>2554>2556>2557	>2554>2556>2557,>2554>2555>2557	T,A
1	4000	>2558>2560>2561	>2558>2560>2561,>2558>2559>2561	C,G
1	4100	>2562>2564>2565	>2562>2564>2565,>2562>2563>2565	A,T
1	4200	>2566>2568>2569	>2566>2568>2569,>2566>2567>2569	C,T
1	4300	>2570>2572>2573	>2570>2572>2573,>2570>2571>2573	A,T
1	4400	>2574>2576>2577	>2574>2576>2577,>2574>2575>2577	T,G
1	4500	>2578>2580>2581	>2578>2580>2581,>2578>2579>2581	C,G
1	4600	>2582>2584>2585	>2582>2584>2585,>2582>2583>2585	G,A
1	4700	>2586>2588>2589	>2586>2588>2589,>2586>2587>2589	C,G
1	4800	>2590>2592>2593	>2590>2592>2593,>2590>2591>2593	C,A
1	4900	>2594>2596>2597	>2594>2596>2597,>2594>2595>2597	G,C
1	5000	>2598>2600>2601	>2598>2600>2601,>2598>2599>2601	G,A
1	5100	>2602>2604>2605	>2602>2604>2605,>2602>2603>2605	T,C
1	5200	>2606>2608>2609	>2606>2608>2609,>2606>2607>2609	T,C
1	5300	>2610>2612>2613	>2610>2612>2613,>2610>2611>2613	T,G
1	5400	>2614>2616>2617	>2614>2616>2617,>2614>2615>2617	G,C
1	5500	>2618>2620>2621	>2618>2620>2621,>2618>2619>2621	T,A
1	5600	>2622>2624>2625	>2622>2624>2625,>2622>2623>2625	A,C
1	5700	>2626>2628>2629	>2626>2628>2629,>2626>2627>2629	G,T
1	5800	>2630>2632>2633	>2630>2632>2633,>2630>2631>2633	G,T
1	5900	>2634>2636>2637	>2634>2636>2637,>2634>2635>2637	T,A
1	6000	>2638>2640>2641	>2638>2640>2641,>2638>2639>2641	C,T
1	6100	>2642>2644>2645	>2642>2644>2645,>2642>2643>2645	G,A
1	6200	>2646>2648>2649	>2646>2648>2649,>2646>2647>2649	T,G
1	6300	>2650>2652>2653	>2650>2652>2653,>2650>2651>2653	C,T
1	6400	>2654>2656>2657	>2654>2656>2657,>2654>2655>2657	C,T
1	6500	>2658>2660>2661	>2658>2660>2661,>2658>2659>2661	A,C
1	6600	>2662>2664>2665	>2662>2664>2665,>2662>2663>2665	G,C
1	6700	>2666>2668>2669	>2666>2668>2669,>2666>2667>2669	T,G
1	6800	>2670>2672>2673	>2670>2672>2673,>2670>2671>2673	G,T
1	6900	>2674>2676>2677	>2674>2676>2677,>2674>2675>2677	G,C
1	7000	>2678>2680>2681	>2678>2680>2681,>2678>2679>2681	G,T
1	7100	>2682>2684>2685	>2682>2684>2685,>2682>2683>2685	T,G
1	7200	>2686>2688>2689	>2686>2688>2689,>2686>2687>2689	T,G
1	7300	>2690>2692>2693	>2690>2692>2693,>2690>2691>2693	A,T
1	7400	>2694>2696>2697	>2694>2696>2697,>2694>2695>2697	T,C
1	7500	>2698>2700>2701	>2698>2700>2701,>2698>2699>2701	A,G
1	7600	>2702>2704>2705	>2702>2704>2705,>2702>2703>2705	C,G
1	7700	>2706>2708>2709	>2706>2708>2709,>2706>2707>2709	G,T
1	7800	>2710>2712>2713	>2710>2712>2713,>2710>2711>2713	T,G
1	7900	>2714>2716>2717	>2714>2716>2717,>2714>2715>2717	G,A
1	8000	>2718>2720>2721	>2718>2720>2721,>2718>2719>2721	T,A
1	8100	>2722>2724>2725	>2722>2724>2725,>2722>2723>2725	G,A
1	8200	>2726>2728>2729	>2726>2728>2729,>2726>2727>2729	G,T
1	8300	>2730>2732>2733	>2730>2732>2733,>2730>2731>2733	G,A
1	8400	>2734>2736>2737	>2734>2736>2737,>2734>2735>2737	A,T
1	8500	>2738>2740>2741	>2738>2740>2741,>2738>2739>2741	A,C
1	8600	>2742>2744>2745	>2742>2744>2745,>2742>2743>2745	A,C
1	8700	>2746>2748>2749	>2746>2748>2749,>2746>2747>2749	C,G
1	8800	>2750>2752>2753	>2750>2752>2753,>2750>2751>2753	T,G
1	8900	>2754>2756>2757	>2754>2756>2757,>2754>2755>2757	A,C
1	9000	>2758>2760>2761	>2758>2760>2761,>2758>2759>2761	G,T
1	9100	>2762>2764>2765	>2762>2764>2765,>2762>2763>2765	G,A
1	9200	>2766>2768>2769	>2766>2768>2769,>2766>2767>2769	G,T
1	9300	>2770>2772>2773	>2770>2772>2773,>2770>2771>2773	C,A
1	9400	>2774>2776>2777	>2774>2776>2777,>2774>2775>2777	T,G
1	9500	>2778>2780>2781	>2778>2780>2781,>2778>2779>2781	G,A
1	9600	>2782>2784>2785	>2782>2784>2785,>2782>2783>2785	A,C
1	9700	>2786>2788>2789	>2786>2788>2789,>2786>2787>2789	G,A
1	9800	>2790>2792>2793	>2790>2792>2793,>2790>2791>2793	T,C
1	9900	>2794>2796>2797	>2794>2796>2797,>2794>2795>2797	A,T
1	10000	>2798>2800>2801	>2798>2800>2801,>2798>2799>2801	C,T
1	100	>2802>2804>2805	>2802>2804>2805,>2802>2803>2805	C,T
1	200	>2806>2808>2809	>2806>2808>2809,>2806>2807>2809	G,C
1	300	>2810>2812>2813	>2810>2812>2813,>2810>2811>2813	G,A
1	400	>2814>2816>2817	>2814>2816>2817,>2814>2815>2817	G,A
1	500	>2818>2820>2821	>2818>2820>2821,>2818>2819>2821	C,G
1	600	>2822>2824>2825	>2822>2824>2825,>2822>2823>2825	T,A
1	700	>2826>2828>2829	>2826>2828>2829,>2826>2827>2829	A,C
1	800	>2830>2832>2833	>2830>2832>2833,>2830>2831>2833	T,C
1	900	>2834>2836>2837	>2834>2836>2837,>2834>2835>2837	A,G
1	1000	>2838>2840>2841	>2838>2840>2841,>2838>2839>2841	C,G
1	1100	>2842>2844>2845	>2842>2844>2845,>2842>2843>2845	G,A
1	1200	>2846>2848>2849	>2846>2848>2849,>2846>2847>2849	G,T
1	1300	>2850>2852>2853	>2850>2852>2853,>2850>2851>2853	G,A
1	1400	>2854>2856>2857	>2854>2856>2857,>2854>2855>2857	G,T
1	1500	>2858>2860>2861	>2858>2860>2861,>2858>2859>2861	T,C
1	1600	>2862>2864>2865	>2862>2864>2865,>2862>2863>2865	C,G
1	1700	>2866>2868>2869	>2866>2868>2869,>2866>2867>2869	G,C
1	1800	>2870>2872>2873	>2870>2872>2873,>2870>2871>2873	T,C
1	1900	>2874>2876>2877	>2874>2876>2877,>2874>2875>2877	C,G
1	2000	>2878>2880>2881	>2878>2880>2881,>2878>2879>2881	G,T
1	2100	>2882>2884>2885	>2882>2884>2885,>2882>2883>2885	T,C
1	2200	>2886>2888>2889	>2886>2888>2889,>2886>2887>2889	A,T
1	2300	>2890>2892>2893	>2890>2892>2893,>2890>2891>2893	A,G
1	2400	>2894>2896>2897	>2894>2896>2897,>2894>2895>2897	G,T
1	2500	>2898>2900>2901	>2898>2900>2901,>2898>2899>2901	G,A
1	2600	>2902>2904>2905	>2902>2904>2905,>2902>2903>2905	A,T
1	2700	>2906>2908>2909	>2906>2908>2909,>2906>2907>2909	T,C
1	2800	>2910>2912>2913	>2910>2912>2913,>2910>2911>2913	T,A
1	2900	>2914>2916>2917	>2914>2916>2917,>2914>2915>2917	C,T
1	3000	>2918>2920>2921	>2918>2920>2921,>2918>2919>2921	G,C
1	3100	>2922>2924>2925	>2922>2924>2925,>2922>2923>2925	C,G
1	3200	>2926>2928>2929	>2926>2928>2929,>2926>2927>2929	G,A
1	3300	>2930>2932>2933	>2930>2932>2933,>2930>2931>2933	T,C
1	3400	>2934>2936>2937	>2934>2936>2937,>2934>2935>2937	C,A
1	3500	>2938>2940>2941	>2938>2940>2941,>2938>2939>2941	C,T
1	3600	>2942>2944>2945	>2942>2944>2945,>2942>2943>2945	G,C
1	3700	>2946>2948>2949	>2946>2948>2949,>2946>2947>2949	C,G
1	3800	>2950>2952>2953	>2950>2952>2953,>2950>2951>2953	C,G
1	3900	>2954>2956>2957	>2954>2956>2957,>2954>2955>2957	C,A
1	4000	>2958>2960>2961	>2958>2960>2961,>2958>2959>2961	A,T
1	4100	>2962>2964>2965	>2962>2964>2965,>2962>2963>2965	C,G
1	4200	>2966>2968>2969	>2966>2968>2969,>2966>2967>2969	T,C
1	4300	>2970>2972>2973	>2970>2972>2973,>2970>2971>2973	A,T
1	4400	>2974>2976>2977	>2974>2976>2977,>2974>2975>2977	T,A
1	4500	>2978>2980>2981	>2978>2980>2981,>2978>2979>2981	G,A
1	4600	>2982>2984>2985	>2982>2984>2985,>2982>2983>2985	T,A
1	4700	>2986>2988>2989	>2986>2988>2989,>2986>2987>2989	G,A
1	4800	>2990>2992>2993	>2990>2992>2993,>2990>2991>2993	T,A
1	4900	>2994>2996>2997	>2994>2996>2997,>2994>2995>2997	C,G
1	5000	>2998>3000>3001	>2998>3000>3001,>2998>2999>3001	G,C
1	5100	>3002>3004>3005	>3002>3004>3005,>3002>3003>3005	C,A
1	5200	>3006>3008>3009	>3006>3008>3009,>3006>3007>3009	T,A
1	5300	>3010>3012>3013	>3010>3012>3013,>3010>3011>3013	A,G
1	5400	>3014>3016>3017	>3014>3016>3017,>3014>3015>3017	C,G
1	5500	>3018>3020>3021	>3018>3020>3021,>3018>3019>3021	A,G
1	5600	>3022>3024>3025	>3022>3024>3025,>3022>3023>3025	C,T
1	5700	>3026>3028>3029	>3026>3028>3029,>3026>3027>3029	A,C
1	5800	>3030>3032>3033	>3030>3032>3033,>3030>3031>3033	A,G
1	5900	>3034>3036>3037	>3034>3036>3037,>3034>3035>3037	T,C
1	6000	>3038>3040>3041	>3038>3040>3041,>3038>3039>3041	T,G
1	6100	>3042>3044>3045	>3042>3044>3045,>3042>3043>3045	C,G
1	6200	>3046>3048>3049	>3046>3048>3049,>3046>3047>3049	T,C
1	6300	>3050>3052>3053	>3050>3052>3053,>3050>3051>3053	T,C
1	6400	>3054>3056>3057	>3054>3056>3057,>3054>3055>3057	G,C
1	6500	>3058>3060>3061	>3058>3060>3061,>3058>3059>3061	C,A
1	6600	>3062>3064>3065	>3062>3064>3065,>3062>3063>3065	A,C
1	6700	>3066>3068>3069	>3066>3068>3069,>3066>3067>3069	T,G
1	6800	>3070>3072>3073	>3070>3072>3073,>3070>3071>3073	A,G
1	6900	>3074>3076>3077	>3074>3076>3077,>3074>3075>3077	A,T
1	7000	>3078>3080>3081	>3078>3080>3081,>3078>3079>3081	T,G
1	7100	>3082>3084>3085	>3082>3084>3085,>3082>3083>3085	T,G
1	7200	>3086>3088>3089	>3086>3088>3089,>3086>3087>3089	C,T
1	7300	>3090>3092>3093	>3090>3092>3093,>3090>3091>3093	A,C
1	7400	>3094>3096>3097	>3094>3096>3097,>3094>3095>3097	G,A
1	7500	>3098>3100>3101	>3098>3100>3101,>3098>3099>3101	G,C
1	7600	>3102>3104>3105	>3102>3104>3105,>3102>3103>3105	G,T
1	7700	>3106>3108>3109	>3106>3108>3109,>3106>3107>3109	C,A
1	7800	>3110>3112>3113	>3110>3112>3113,>3110>3111>3113	C,A
1	7900	>3114>3116>3117	>3114>3116>3117,>3114>3115>3117	T,A
1	8000	>3118>3120>3121	>3118>3120>3121,>3118>3119>3121	T,C
1	8100	>3122>3124>3125	>3122>3124>3125,>3122>3123>3125	T,C
1	8200	>3126>3128>3129	>3126>3128>3129,>3126>3127>3129	A,T
1	8300	>3130>3132>3133	>3130>3132>3133,>3130>3131>3133	G,A
1	8400	>3134>3136>3137	>3134>3136>3137,>3134>3135>3137	A,T
1	8500	>3138>3140>3141	>3138>3140>3141,>3138>3139>3141	C,G
1	8600	>3142>3144>3145	>3142>3144>3145,>3142>3143>3145	T,G
1	8700	>3146>3148>3149	>3146>3148>3149,>3146>3147>3149	A,G
1	8800	>3150>3152>3153	>3150>3152>3153,>3150>3151>3153	A,T
1	8900	>3154>3156>3157	>3154>3156>3157,>3154>3155>3157	T,A
1	9000	>3158>3160>3161	>3158>3160>3161,>3158>3159>3161	A,G
1	9100	>3162>3164>3165	>3162>3164>3165,>3162>3163>3165	G,T
1	9200	>3166>3168>3169	>3166>3168>3169,>3166>3167>3169	C,A
1	9300	>3170>3172>3173	>3170>3172>3173,>3170>3171>3173	C,G
1	9400	>3174>3176>3177	>3174>3176>3177,>3174>3175>3177	A,G
1	9500	>3178>3180>3181	>3178>3180>3181,>3178>3179>3181	G,C
1	9600	>3182>3184>3185	>3182>3184>3185,>3182>3183>3185	G,C
1	9700	>3186>3188>3189	>3186>3188>3189,>3186>3187>3189	A,G
1	9800	>3190>3192>3193	>3190>3192>3193,>3190>3191>3193	G,T
1	9900	>3194>3196>3197	>3194>3196>3197,>3194>3195>3197	G,T
1	10000	>3198>3200>3201	>3198>3200>3201,>3198>3199>3201	A,C
1	100	>3202>3204>3205	>3202>3204>3205,>3202>3203>3205	T,A
1	200	>3206>3208>3209	>3206>3208>3209,>3206>3207>3209	C,T
1	300	>3210>3212>3213	>3210>3212>3213,>3210>3211>3213	A,G
1	400	>3214>3216>3217	>3214>3216>3217,>3214>3215>3217	G,C
1	500	>3218>3220>3221	>3218>3220>3221,>3218>3219>3221	T,A
1	600	>3222>3224>3225	>3222>3224>3225,>3222>3223>3225	T,C
1	700	>3226>3228>3229	>3226>3228>3229,>3226>3227>3229	A,G
1	800	>3230>3232>3233	>3230>3232>3233,>3230>3231>3233	G,T
1	900	>3234>3236>3237	>3234>3236>3237,>3234>3235>3237	T,G
1	1000	>3238>3240>3241	>3238>3240>3241,>3238>3239>3241	G,A
1	1100	>3242>3244>3245	>3242>3244>3245,>3242>3243>3245	T,G
1	1200	>3246>3248>3249	>3246>3248>3249,>3246>3247>3249	A,C
1	1300	>3250>3252>3253	>3250>3252>3253,>3250>3251>3253	T,A
1	1400	>3254>3256>3257	>3254>3256>3257,>3254>3255>3257	T,C
1	1500	>3258>3260>3261	>3258>3260>3261,>3258>3259>3261	G,T
1	1600	>3262>3264>3265	>3262>3264>3265,>3262>3263>3265	C,T
1	1700	>3266>3268>3269	>3266>3268>3269,>3266>3267>3269	C,T
1	1800	>3270>3272>3273	>3270>3272>3273,>3270>3271>3273	T,G
1	1900	>3274>3276>3277	>3274>3276>3277,>3274>3275>3277	G,A
1	2000	>3278>3280>3281	>3278>3280>3281,>3278>3279>3281	A,C
1	2100	>3282>3284>3285	>3282>3284>3285,>3282>3283>3285	C,A
1	2200	>3286>3288>3289	>3286>3288>3289,>3286>3287>3289	T,C
1	2300	>3290>3292>3293	>3290>3292>3293,>3290>3291>3293	G,T
1	2400	>3294>3296>3297	>3294>3296>3297,>3294>3295>3297	T,A
1	2500	>3298>3300>3301	>3298>3300>3301,>3298>3299>3301	T,G
1	2600	>3302>3304>3305	>3302>3304>3305,>3302>3303>3305	C,A
1	2700	>3306>3308>3309	>3306>3308>3309,>3306>3307>3309	T,C
1	2800	>3310>3312>3313	>3310>3312>3313,>3310>3311>3313	C,T
1	2900	>3314>3316>3317	>3314>3316>3317,>3314>3315>3317	C,A
1	3000	>3318>3320>3321	>3318>3320>3321,>3318>3319>3321	G,C
1	3100	>3322>3324>3325	>3322>3324>3325,>3322>3323>3325	G,A
1	3200	>3326>3328>3329	>3326>3328>3329,>3326>3327>3329	G,A
1	3300	>3330>3332>3333	>3330>3332>3333,>3330>3331>3333	C,G
1	3400	>3334>3336>3337	>3334>3336>3337,>3334>3335>3337	T,A
1	3500	>3338>3340>3341	>3338>3340>3341,>3338>3339>3341	G,C
1	3600	>3342>3344>3345	>3342>3344>3345,>3342>3343>3345	C,G
1	3700	>3346>3348>3349	>3346>3348>3349,>3346>3347>3349	C,A
1	3800	>3350>3352>3353	>3350>3352>3353,>3350>3351>3353	A,T
1	3900	>3354>3356>3357	>3354>3356>3357,>3354>3355>3357	G,A
1	4000	>3358>3360>3361	>3358>3360>3361,>3358>3359>3361	C,G
1	4100	>3362>3364>3365	>3362>3364>3365,>3362>3363>3365	T,G
1	4200	>3366>3368>3369	>3366>3368>3369,>3366>3367>3369	C,T
1	4300	>3370>3372>3373	>3370>3372>3373,>3370>3371>3373	C,G
1	4400	>3374>3376>3377	>3374>3376>3377,>3374>3375>3377	T,C
1	4500	>3378>3380>3381	>3378>3380>3381,>3378>3379>3381	C,G
1	4600	>3382>3384>3385	>3382>3384>3385,>3382>3383>3385	A,C
1	4700	>3386>3388>3389	>3386>3388>3389,>3386>3387>3389	G,T
1	4800	>3390>3392>3393	>3390>3392>3393,>3390>3391>3393	A,T
1	4900	>3394>3396>3397	>3394>3396>3397,>3394>3395>3397	G,C
1	5000	>3398>3400>3401	>3398>3400>3401,>3398>3399>3401	T,A
1	5100	>3402>3404>3405	>3402>3404>3405,>3402>3403>3405	G,A
1	5200	>3406>3408>3409	>3406>3408>3409,>3406>3407>3409	G,A
1	5300	>3410>3412>3413	>3410>3412>3413,>3410>3411>3413	G,C
1	5400	>3414>3416>3417	>3414>3416>3417,>3414>3415>3417	C,G
1	5500	>3418>3420>3421	>3418>3420>3421,>3418>3419>3421	T,C
1	5600	>3422>3424>3425	>3422>3424>3425,>3422>3423>3425	G,A
1	5700	>3426>3428>3429	>3426>3428>3429,>3426>3427>3429	C,G
1	5800	>3430>3432>3433	>3430>3432>3433,>3430>3431>3433	A,C
1	5900	>3434>3436>3437	>3434>3436>3437,>3434>3435>3437	T,A
1	6000	>3438>3440>3441	>3438>3440>3441,>3438>3439>3441	T,C
1	6100	>3442>3444>3445	>3442>3444>3445,>3442>3443>3445	G,T
1	6200	>3446>3448>3449	>3446>3448>3449,>3446>3447>3449	C,T
1	6300	>3450>3452>3453	>3450>3452>3453,>3450>3451>3453	C,A
1	6400	>3454>3456>3457	>3454>3456>3457,>3454>3455>3457	G,T
1	6500	>3458>3460>3461	>3458>3460>3461,>3458>3459>3461	G,A
1	6600	>3462>3464>3465	>3462>3464>3465,>3462>3463>3465	T,A
1	6700	>3466>3468>3469	>3466>3468>3469,>3466>3467>3469	T,C
1	6800	>3470>3472>3473	>3470>3472>3473,>3470>3471>3473	A,T
1	6900	>3474>3476>3477	>3474>3476>3477,>3474>3475>3477	A,C
1	7000	>3478>3480>3481	>3478>3480>3481,>3478>3479>3481	T,C
1	7100	>3482>3484>3485	>3482>3484>3485,>3482>3483>3485	G,A
1	7200	>3486>3488>3489	>3486>3488>3489,>3486>3487>3489	G,T
1	7300	>3490>3492>3493	>3490>3492>3493,>3490>3491>3493	C,A
1	7400	>3494>3496>3497	>3494>3496>3497,>3494>3495>3497	C,G
1	7500	>3498>3500>3501	>3498>3500>3501,>3498>3499>3501	C,G
1	7600	>3502>3504>3505	>3502>3504>3505,>3502>3503>3505	C,G
1	7700	>3506>3508>3509	>3506>3508>3509,>3506>3507>3509	T,C
1	7800	>3510>3512>3513	>3510>3512>3513,>3510>3511>3513	C,G
1	7900	>3514>3516>3517	>3514>3516>3517,>3514>3515>3517	A,G
1	8000	>3518>3520>3521	>3518>3520>3521,>3518>3519>3521	C,G
1	8100	>3522>3524>3525	>3522>3524>3525,>3522>3523>3525	C,G
1	8200	>3526>3528>3529	>3526>3528>3529,>3526>3527>3529	T,G
1	8300	>3530>3532>3533	>3530>3532>3533,>3530>3531>3533	A,G
1	8400	>3534>3536>3537	>3534>3536>3537,>3534>3535>3537	G,A
1	8500	>3538>3540>3541	>3538>3540>3541,>3538>3539>3541	T,C
1	8600	>3542>3544>3545	>3542>3544>3545,>3542>3543>3545	T,A
1	8700	>3546>3548>3549	>3546>3548>3549,>3546>3547>3549	C,A
1	8800	>3550>3552>3553	>3550>3552>3553,>3550>3551>3553	G,A
1	8900	>3554>3556>3557	>3554>3556>3557,>3554>3555>3557	G,T
1	9000	>3558>3560>3561	>3558>3560>3561,>3558>3559>3561	T,G
1	9100	>3562>3564>3565	>3562>3564>3565,>3562>3563>3565	C,A
1	9200	>3566>3568>3569	>3566>3568>3569,>3566>3567>3569	G,C
1	9300	>3570>3572>3573	>3570>3572>3573,>3570>3571>3573	A,C
1	9400	>3574>3576>3577	>3574>3576>3577,>3574>3575>3577	C,G
1	9500	>3578>3580>3581	>3578>3580>3581,>3578>3579>3581	G,C
1	9600	>3582>3584>3585	>3582>3584>3585,>3582>3583>3585	C,T
1	9700	>3586>3588>3589	>3586>3588>3589,>3586>3587>3589	A,C
1	9800	>3590>3592>3593	>3590>3592>3593,>3590>3591>3593	G,T
1	9900	>3594>3596>3597	>3594>3596>3597,>3594>3595>3597	T,G
1	10000	>3598>3600>3601	>3598>3600>3601,>3598>3599>3601	G,C
1	100	>3602>3604>3605	>3602>3604>3605,>3602>3603>3605	T,C
1	200	>3606>3608>3609	>3606>3608>3609,>3606>3607>3609	G,A
1	300	>3610>3612>3613	>3610>3612>3613,>3610>3611>3613	C,T
1	400	>3614>3616>3617	>3614>3616>3617,>3614>3615>3617	A,C
1	500	>3618>3620>3621	>3618>3620>3621,>3618>3619>3621	C,T
1	600	>3622>3624>3625	>3622>3624>3625,>3622>3623>3625	A,T
1	700	>3626>3628>3629	>3626>3628>3629,>3626>3627>3629	T,G
1	800	>3630>3632>3633	>3630>3632>3633,>3630>3631>3633	G,C
1	900	>3634>3636>3637	>3634>3636>3637,>3634>3635>3637	G,A
1	1000	>3638>3640>3641	>3638>3640>3641,>3638>3639>3641	A,G
1	1100	>3642>3644>3645	>3642>3644>3645,>3642>3643>3645	C,A
1	1200	>3646>3648>3649	>3646>3648>3649,>3646>3647>3649	C,T
1	1300	>3650>3652>3653	>3650>3652>3653,>3650>3651>3653	G,C
1	1400	>3654>3656>3657	>3654>3656>3657,>3654>3655>3657	C,A
1	1500	>3658>3660>3661	>3658>3660>3661,>3658>3659>3661	A,G
1	1600	>3662>3664>3665	>3662>3664>3665,>3662>3663>3665	G,T
1	1700	>3666>3668>3669	>3666>3668>3669,>3666>3667>3669	A,G
1	1800	>3670>3672>3673	>3670>3672>3673,>3670>3671>3673	A,G
1	1900	>3674>3676>3677	>3674>3676>3677,>3674>3675>3677	A,T
1	2000	>3678>3680>3681	>3678>3680>3681,>3678>3679>3681	A,G
1	2100	>3682>3684>3685	>3682>3684>3685,>3682>3683>3685	G,T
1	2200	>3686>3688>3689	>3686>3688>3689,>3686>3687>3689	T,G
1	2300	>3690>3692>3693	>3690>3692>3693,>3690>3691>3693	A,T
1	2400	>3694>3696>3697	>3694>3696>3697,>3694>3695>3697	G,C
1	2500	>3698>3700>3701	>3698>3700>3701,>3698>3699>3701	C,T
1	2600	>3702>3704>3705	>3702>3704>3705,>3702>3703>3705	C,G
1	2700	>3706>3708>3709	>3706>3708>3709,>3706>3707>3709	G,T
1	2800	>3710>3712>3713	>3710>3712>3713,>3710>3711>3713	T,C
1	2900	>3714>3716>3717	>3714>3716>3717,>3714>3715>3717	G,C
1	3000	>3718>3720>3721	>3718>3720>3721,>3718>3719>3721	A,T
1	3100	>3722>3724>3725	>3722>3724>3725,>3722>3723>3725	T,C
1	3200	>3726>3728>3729	>3726>3728>3729,>3726>3727>3729	G,C
1	3300	>3730>3732>3733	>3730>3732>3733,>3730>3731>3733	G,C
1	3400	>3734>3736>3737	>3734>3736>3737,>3734>3735>3737	C,G
1	3500	>3738>3740>3741	>3738>3740>3741,>3738>3739>3741	G,A
1	3600	>3742>3744>3745	>3742>3744>3745,>3742>3743>3745	G,T
1	3700	>3746>3748>3749	>3746>3748>3749,>3746>3747>3749	G,T
1	3800	>3750>3752>3753	>3750>3752>3753,>3750>3751>3753	T,A
1	3900	>3754>3756>3757	>3754>3756>3757,>3754>3755>3757	A,T
1	4000	>3758>3760>3761	>3758>3760>3761,>3758>3759>3761	C,T
1	4100	>3762>3764>3765	>3762>3764>3765,>3762>3763>3765	A,G
1	4200	>3766>3768>3769	>3766>3768>3769,>3766>3767>3769	G,C
1	4300	>3770>3772>3773	>3770>3772>3773,>3770>3771>3773	T,G
1	4400	>3774>3776>3777	>3774>3776>3777,>3774>3775>3777	T,A
1	4500	>3778>3780>3781	>3778>3780>3781,>3778>3779>3781	G,C
1	4600	>3782>3784>3785	>3782>3784>3785,>3782>3783>3785	G,A
1	4700	>3786>3788>3789	>3786>3788>3789,>3786>3787>3789	A,T
1	4800	>3790>3792>3793	>3790>3792>3793,>3790>3791>3793	C,A
1	4900	>3794>3796>3797	>3794>3796>3797,>3794>3795>3797	C,T
1	5000	>3798>3800>3801	>3798>3800>3801,>3798>3799>3801	G,A
1	5100	>3802>3804>3805	>3802>3804>3805,>3802>3803>3805	T,A
1	5200	>3806>3808>3809	>3806>3808>3809,>3806>3807>3809	G,C
1	5300	>3810>3812>3813	>3810>3812>3813,>3810>3811>3813	A,C
1	5400	>3814>3816>3817	>3814>3816>3817,>3814>3815>3817	C,T
1	5500	>3818>3820>3821	>3818>3820>3821,>3818>3819>3821	A,C
1	5600	>3822>3824>3825	>3822>3824>3825,>3822>3823>3825	T,C
1	5700	>3826>3828>3829	>3826>3828>3829,>3826>3827>3829	A,C
1	5800	>3830>3832>3833	>3830>3832>3833,>3830>3831>3833	C,T
1	5900	>3834>3836>3837	>3834>3836>3837,>3834>3835>3837	C,A
1	6000	>3838>3840>3841	>3838>3840>3841,>3838>3839>3841	G,C
1	6100	>3842>3844>3845	>3842>3844>3845,>3842>3843>3845	C,G
1	6200	>3846>3848>3849	>3846>3848>3849,>3846>3847>3849	C,T
1	6300	>3850>3852>3853	>3850>3852>3853,>3850>3851>3853	T,C
1	6400	>3854>3856>3857	>3854>3856>3857,>3854>3855>3857	C,A
1	6500	>3858>3860>3861	>3858>3860>3861,>3858>3859>3861	T,G
1	6600	>3862>3864>3865	>3862>3864>3865,>3862>3863>3865	A,T
1	6700	>3866>3868>3869	>3866>3868>3869,>3866>3867>3869	G,T
1	6800	>3870>3872>3873	>3870>3872>3873,>3870>3871>3873	T,G
1	6900	>3874>3876>3877	>3874>3876>3877,>3874>3875>3877	C,T
1	7000	>3878>3880>3881	>3878>3880>3881,>3878>3879>3881	T,C
1	7100	>3882>3884>3885	>3882>3884>3885,>3882>3883>3885	C,T
1	7200	>3886>3888>3889	>3886>3888>3889,>3886>3887>3889	T,A
1	7300	>3890>3892>3893	>3890>3892>3893,>3890>3891>3893	C,T
1	7400	>3894>3896>3897	>3894>3896>3897,>3894>3895>3897	G,A
1	7500	>3898>3900>3901	>3898>3900>3901,>3898>3899>3901	C,A
1	7600	>3902>3904>3905	>3902>3904>3905,>3902>3903>3905	A,T
1	7700	>3906>3908>3909	>3906>3908>3909,>3906>3907>3909	G,T
1	7800	>3910>3912>3913	>3910>3912>3913,>3910>3911>3913	T,G
1	7900	>3914>3916>3917	>3914>3916>3917,>3914>3915>3917	A,T
1	8000	>3918>3920>3921	>3918>3920>3921,>3918>3919>3921	G,C
1	8100	>3922>3924>3925	>3922>3924>3925,>3922>3923>3925	G,C
1	8200	>3926>3928>3929	>3926>3928>3929,>3926>3927>3929	A,C
1	8300	>3930>3932>3933	>3930>3932>3933,>3930>3931>3933	C,G
1	8400	>3934>3936>3937	>3934>3936>3937,>3934>3935>3937	A,T
1	8500	>3938>3940>3941	>3938>3940>3941,>3938>3939>3941	C,A
1	8600	>3942>3944>3945	>3942>3944>3945,>3942>3943>3945	C,T
1	8700	>3946>3948>3949	>3946>3948>3949,>3946>3947>3949	C,A
1	8800	>3950>3952>3953	>3950>3952>3953,>3950>3951>3953	T,C
1	8900	>3954>3956>3957	>3954>3956>3957,>3954>3955>3957	C,T
1	9000	>3958>3960>3961	>3958>3960>3961,>3958>3959>3961	A,T
1	9100	>3962>3964>3965	>3962>3964>3965,>3962>3963>3965	T,C
1	9200	>3966>3968>3969	>3966>3968>3969,>3966>3967>3969	T,G
1	9300	>3970>3972>3973	>3970>3972>3973,>3970>3971>3973	A,T
1	9400	>3974>3976>3977	>3974>3976>3977,>3974>3975>3977	T,C
1	9500	>3978>3980>3981	>3978>3980>3981,>3978>3979>3981	T,G
1	9600	>3982>3984>3985	>3982>3984>3985,>3982>3983>3985	A,C
1	9700	>3986>3988>3989	>3986>3988>3989,>3986>3987>3989	T,C
1	9800	>3990>3992>3993	>3990>3992>3993,>3990>3991>3993	T,A
1	9900	>3994>3996>3997	>3994>3996>3997,>3994>3995>3997	A,T
1	10000	>3998>4000>4001	>3998>4000>4001,>3998>3999>4001	T,C
